client_id	path	sentence	up_votes	down_votes	age	gender	accent
spk1	train0001.mp3	病気のため彼はその会合に出席できなかった。			twenties	male	
spk1	train0002.mp3	彼女は門のところに車を停めた。			twenties	male	
spk1	train0003.mp3	おまわりさんが駅までの道を教えてくれました。			twenties	male	
spk1	train0004.mp3	父は家では何もしません。			twenties	male	
spk1	train0005.mp3	兵士たちは戦いの準備が出来ている。			twenties	male	
spk1	train0006.mp3	来年わたしは新しい車を買おうと思います。			twenties	male	
spk1	train0007.mp3	塀の上には割れたガラスがありました。			twenties	male	
spk1	train0008.mp3	紙を一枚ずつ取ってください。			twenties	male	
spk1	train0009.mp3	振り込み用紙を書くとき、ボールペンを使います。			twenties	male	
spk1	train0010.mp3	最近寝てるときにこむらがえりを起こします。			twenties	male	
spk1	train0011.mp3	娘はいつも、約束を守らない母親に苛立っていた。			twenties	male	
spk1	train0012.mp3	病人はもう安心です。			twenties	male	
spk1	train0013.mp3	父は毎朝ジョギングをする。			twenties	male	
spk1	train0014.mp3	瀕死の鳥たちを哀れに思った。			twenties	male	
spk1	train0015.mp3	彼女は用事がなければほとんど外出しない。			twenties	male	
spk1	train0016.mp3	パジャマとティーシャツがめくれて、薄い肋骨の下に、ぺちゃんこの腹が見えた。			twenties	male	
spk1	train0017.mp3	父は私に妹の世話をする義務を負わせた。			twenties	male	
spk1	train0018.mp3	氷は非常に薄いので君の体重を支えきれないだろう。			twenties	male	
spk1	train0019.mp3	午後は、溜った書類に目を通して返す。			twenties	male	
spk1	train0020.mp3	父は私に時計を買ってくれたが、私はそれがあまり気に入らない。			twenties	male	
spk1	train0021.mp3	文芸編集者としては、作家たちに、最も信頼されている、名編集者だ。			twenties	male	
spk1	train0022.mp3	これだけで厄介払いできたら安いもので、みな大喜びした。			twenties	male	
spk1	train0023.mp3	父は時には子供じみたことをいったり、します。			twenties	male	
spk1	train0024.mp3	病気のために彼は我々と同行できなかった。			twenties	male	
spk1	train0025.mp3	ここから少し西へ行くと、海があります。			twenties	male	
spk1	train0026.mp3	氷が溶けると水になる。			twenties	male	
spk1	train0027.mp3	あの店は安いですが、まずいです。			twenties	male	
spk1	train0028.mp3	彼の声は悪霊の突然の咆哮にかき消される。			twenties	male	
spk1	train0029.mp3	貧しくなければ車を買うのに。			twenties	male	
spk1	train0030.mp3	貧困は依然として犯罪の大きな原因である。			twenties	male	
spk1	train0031.mp3	彼女は米国で教育を受けた。			twenties	male	
spk1	train0032.mp3	病気のため彼は学業をあきらめた。			twenties	male	
spk1	train0033.mp3	そちら様のお電話番号をいただけますか。			twenties	male	
spk1	train0034.mp3	林さんは人が多い町に住んでいます。			twenties	male	
spk1	train0035.mp3	彼女は有名な歌手に会って、うれしくて我を忘れた。			twenties	male	
spk1	train0036.mp3	会う前に鼻をかんでよ！			twenties	male	
spk1	train0037.mp3	今月二十日に日本語のテストがあります。			twenties	male	
spk1	train0038.mp3	きのうはずっと曇っていました。			twenties	male	
spk1	train0039.mp3	病人である事はどういう感じだろうか。			twenties	male	
spk1	train0040.mp3	みんなが教室で先生を待っています。			twenties	male	
spk1	train0041.mp3	不良品ではないかと思います。			twenties	male	
spk1	train0042.mp3	けさは時間があるので、新聞を読んでから、家を出ます。			twenties	male	
spk1	train0043.mp3	風が葉を吹き散らした。			twenties	male	
spk1	train0044.mp3	肝臓への酸素供給は肝動脈と低圧系の門脈を介して行われている			twenties	male	
spk5	train0045.mp3	あしたは曇りだそうです。			twenties	male	
spk1	train0046.mp3	初めからそうだったわけではなく、手術当時は、落ち込み、おびえて、眠れぬ夜もあった。			twenties	male	
spk1	train0047.mp3	彼女は容易に問題を解くことができた。			twenties	male	
spk1	train0048.mp3	彼等はいろいろな問題について話した。			twenties	male	
spk1	train0049.mp3	父はとても元気でやっています。			twenties	male	
spk1	train0050.mp3	スプーンで三杯砂糖を入れます。			twenties	male	
spk1	train0051.mp3	必ず明朝お電話ください。			twenties	male	
spk1	train0052.mp3	小さい雪は早く、大きい雪は、ふわふわと落ちてくる。			twenties	male	
spk1	train0053.mp3	そのあとを、老人は雨にぬれながら、大声で泣きわめいて追ってゆく。			twenties	male	
spk1	train0054.mp3	父は手紙を書くのに忙しい。			twenties	male	
spk1	train0055.mp3	彼女は美人と言うより才女だ。			twenties	male	
spk1	train0056.mp3	服を片づけなさい。			twenties	male	
spk1	train0057.mp3	基本的に俺は短詩が好きだ。短詩の中では、この詩がトップだった。			twenties	male	
spk1	train0058.mp3	彼女は娘のためにパソコンを買ってあげた。			twenties	male	
spk1	train0059.mp3	歯が痛いので、何も食べられません。			twenties	male	
spk1	train0060.mp3	父は私に部屋を出ていくようにと手で合図した。			twenties	male	
spk1	train0061.mp3	父は商用でよく外国へ出かける。			twenties	male	
spk1	train0062.mp3	木村さんはわたしの荷物を運んでくれました。			twenties	male	
spk1	train0063.mp3	大きなかばんは便利です。			twenties	male	
spk1	train0064.mp3	父は最近タバコをやめました。			twenties	male	
spk1	train0065.mp3	彼女は富を求めている。			twenties	male	
spk1	train0066.mp3	彼女は不安で気も狂わんばかりだった。			twenties	male	
spk1	train0067.mp3	彼女は魅力的な人柄である。			twenties	male	
spk1	train0068.mp3	彼女は病気が治ることを願った。			twenties	male	
spk1	train0069.mp3	あんな物を投げ下ろせば、運悪く当たった人は、ケガをする。			twenties	male	
spk1	train0070.mp3	五月三日から五月五日まで学校や会社は休みです。			twenties	male	
spk1	train0071.mp3	人間の心の弱さを利用し、都合のいい証拠を、次々につくりあげてゆく。			twenties	male	
spk1	train0072.mp3	夏が終わると、秋が来ます。			twenties	male	
spk1	train0073.mp3	彼女は来月退職しなければならないかもしれません。			twenties	male	
spk1	train0074.mp3	父は私の勉強を手伝ってくれた。			twenties	male	
spk1	train0075.mp3	父親は息子の体をかついで部屋から運び出した。			twenties	male	
spk1	train0076.mp3	野菜を切って、洗います。			twenties	male	
spk1	train0077.mp3	この話は本当です。			twenties	male	
spk1	train0078.mp3	彼女は部屋に新しい電気ストーブを取り付けた。			twenties	male	
spk1	train0079.mp3	わたしはきのう大学へ行きました。			twenties	male	
spk1	train0080.mp3	布に応じて服を裁断せよ。			twenties	male	
spk1	train0081.mp3	彼女は父の急死を聞いて深い悲しみに満たされた。			twenties	male	
spk1	train0082.mp3	毎日ラジオでニュースを聞きます。			twenties	male	
spk1	train0083.mp3	あのきれいな女の人は木村さんです。			twenties	male	
spk1	train0084.mp3	壁により掛かるな。			twenties	male	
spk1	train0085.mp3	貧乏な人たちを見下してはいけない。			twenties	male	
spk1	train0086.mp3	ちゃわんでごはんを食べます。			twenties	male	
spk1	train0087.mp3	風邪には睡眠が最良の薬です。			twenties	male	
spk1	train0088.mp3	彼女は無理矢理白状させられた。			twenties	male	
spk1	train0089.mp3	彼女は夕食後食卓の上を片付けた。			twenties	male	
spk1	train0090.mp3	彼女は文筆で生活を立てている。			twenties	male	
spk1	train0091.mp3	風邪をひかないように気をつけてください。			twenties	male	
spk1	train0092.mp3	彼女は命の危険を冒して溺れている子供を助けた。			twenties	male	
spk1	train0093.mp3	彼女は僕に中へはいるよう手招きした。			twenties	male	
spk1	train0094.mp3	駅まで歩いていきます。			twenties	male	
spk1	train0095.mp3	ヴェーザー自転車道やミューレンルートに従ったサイクリングツアーはペータースハーゲンを経由する			twenties	male	
spk1	train0096.mp3	彼は戦災孤児をひきとって養女として育てています。			twenties	male	
spk1	train0097.mp3	父は今家にいるだろう。			twenties	male	
spk1	train0098.mp3	彼等が敵に向かうとはあっぱれであった。			twenties	male	
spk1	train0099.mp3	玄関で靴を脱ぎます。			twenties	male	
spk1	train0100.mp3	彼女は毛皮のコートを手放さなければならなかった。			twenties	male	
spk1	train0101.mp3	父が僕の古い時計を修理してくれた。			twenties	male	
spk1	train0102.mp3	貧しいことは恥ずかしいことではないと私は思います。			twenties	male	
spk1	train0103.mp3	このコップを買います。それから、このお皿も買います。			twenties	male	
spk1	train0104.mp3	先ほど不適切な発言がありました事を深くお詫び致します。			twenties	male	
spk1	train0105.mp3	父は米を栽培している。			twenties	male	
spk1	train0106.mp3	必ずこのハガキを投函しなさい。			twenties	male	
spk1	train0107.mp3	部屋を整頓しときなさい。			twenties	male	
spk1	train0108.mp3	すぐに諦めて昼寝をするかも知れない。			twenties	male	
spk1	train0109.mp3	彼女は母親が許してくれる事を願った。			twenties	male	
spk1	train0110.mp3	我慢しきれず、大声で怒鳴りつけ、その日の撮影は中止になってしまう。			twenties	male	
spk1	train0111.mp3	彼女は彼を喜ばそうとしたが無駄だった。			twenties	male	
spk1	train0112.mp3	父さんは考えを変えると思うかい。			twenties	male	
spk1	train0113.mp3	これは体に悪い食べ物です。			twenties	male	
spk1	train0114.mp3	大衆を扇動すれば、軍隊の介入を招くだけだ。			twenties	male	
spk1	train0115.mp3	部屋の奥の壁の中央に大きな窓がある。			twenties	male	
spk1	train0116.mp3	ユーザーにも責任がある、との論理は、暴論と言わざるをえません。			twenties	male	
spk1	train0117.mp3	強風と、冷え込みの強い、神宮のグラウンドである。			twenties	male	
spk1	train0118.mp3	彼女は万一に備えて貯金した。			twenties	male	
spk1	train0119.mp3	父の死後、彼が会社の責任者になった。			twenties	male	
spk1	train0120.mp3	父はその仕事をしなければならない。			twenties	male	
spk1	train0121.mp3	風邪に効く薬はありますか。			twenties	male	
spk1	train0122.mp3	部屋は白い服を着た女の子でいっぱいでした。			twenties	male	
spk1	train0123.mp3	しょうゆをつけて、さしみを食べます。			twenties	male	
spk1	train0124.mp3	父が私を現在の私にしてくれたのだ。			twenties	male	
spk1	train0125.mp3	父は園芸の基本を教えてくれた。			twenties	male	
spk1	train0126.mp3	これとそれがほしいです。			twenties	male	
spk1	train0127.mp3	気になる男性の性欲を刺激するにはどうすればよいのでしょうか？			twenties	male	
spk1	train0128.mp3	父はまぶしそうに母を見た。			twenties	male	
spk1	train0129.mp3	父は毎朝ジョギングする。			twenties	male	
spk1	train0130.mp3	おふろにシャンプーがありませんでした。			twenties	male	
spk1	train0131.mp3	初めは喜んだ見舞い客を、いやがるようになった。			twenties	male	
spk1	train0132.mp3	いびつな野菜はお嫌いですか？			twenties	male	
spk1	train0133.mp3	父は家族の居間を広くした。			twenties	male	
spk1	train0134.mp3	彼女は目ざめた。			twenties	male	
spk1	train0135.mp3	彼女は娘のレッスン代を払うため、必需品をなしですませた。			twenties	male	
spk1	train0136.mp3	よって流通するマネーが減り、物価上昇は鎮静化する。			twenties	male	
spk1	train0137.mp3	暑い日は帽子をかぶって出かけます。			twenties	male	
spk1	train0138.mp3	腹を空かした赤ちゃんはただ泣くばかりでした。			twenties	male	
spk1	train0139.mp3	この菌による病気は灰色かび病と名づけられているものが多い			twenties	male	
spk1	train0140.mp3	彼女を通しなさい、すぐ会うから。			twenties	male	
spk1	train0141.mp3	彼等にはお互いに共通点がまったくありません。			twenties	male	
spk1	train0142.mp3	今年の夏休みは、海にも行きましたし、山にも登りました。			twenties	male	
spk1	train0143.mp3	文法的に正しい文章を作るよう心がけるべきだ。			twenties	male	
spk1	train0144.mp3	チリダニは、人のフケや、アカを好む。			twenties	male	
spk1	train0145.mp3	父がくれた時計をなくした。			twenties	male	
spk1	train0146.mp3	新しいカメラを買いました。			twenties	male	
spk1	train0147.mp3	彼等は彼に逃げるきっかけを与えた。			twenties	male	
spk1	train0148.mp3	雨のためか、野鳥が群がって奇声をあげていた。			twenties	male	
spk1	train0149.mp3	彼女は風邪を引いていると言った。			twenties	male	
spk1	train0150.mp3	その仕事は自分でやります。			twenties	male	
spk1	train0151.mp3	彼女は夫の死を嘆き悲しむばかりであった。			twenties	male	
spk1	train0152.mp3	十月十日は兄の誕生日です。			twenties	male	
spk1	train0153.mp3	不平を言う理由は何も無い。			twenties	male	
spk1	train0154.mp3	父は外出している。			twenties	male	
spk1	train0155.mp3	わたしは小さな町で生まれました。			twenties	male	
spk1	train0156.mp3	玄関と廊下も掃除します。			twenties	male	
spk1	train0157.mp3	彼女は壁を白く塗った。			twenties	male	
spk1	train0158.mp3	十歳年上のご主人が、お元気で、家事一切をなさっていました。			twenties	male	
spk1	train0159.mp3	土曜日は林さんの家で晩ごはんを食べます。			twenties	male	
spk1	train0160.mp3	テーブルの上に花瓶があります。			twenties	male	
spk1	train0161.mp3	彼女は有名な音楽家の下でバイオリン奏者としての訓練を受けた。			twenties	male	
spk1	train0162.mp3	彼女をタイピストとして雇わなかった。			twenties	male	
spk1	train0163.mp3	文学の講義をする。			twenties	male	
spk1	train0164.mp3	彼女は両親から独立している。			twenties	male	
spk1	train0165.mp3	弟はとても体が丈夫です。			twenties	male	
spk1	train0166.mp3	ギレスピーはマッギーを通じてイネスと知り合った			twenties	male	
spk1	train0167.mp3	この川の水はきれいです。			twenties	male	
spk1	train0168.mp3	夫婦は喧嘩をしたがすぐに仲直りをした。			twenties	male	
spk1	train0169.mp3	みんな、この大学の学生です。			twenties	male	
spk1	train0170.mp3	部下の不服従はどんなに小さなものでも我慢できなかった。			twenties	male	
spk1	train0171.mp3	まだ水温低いから泳ぐつもりはないんよ？			twenties	male	
spk1	train0172.mp3	夫婦でその仕事に応募できます。			twenties	male	
spk1	train0173.mp3	スーパーで晩ごはんの買い物をしました。			twenties	male	
spk1	train0174.mp3	パパはラテン語の素養もあったのです。			twenties	male	
spk1	train0175.mp3	じゃあ、また。			twenties	male	
spk1	train0176.mp3	閉会式で泣き出したコンパニオンも、夜のディスコパーティーでは、激しく踊りまくった。			twenties	male	
spk1	train0177.mp3	この時計は千五百円です。			twenties	male	
spk1	train0178.mp3	毎年誕生日にケーキを食べます。			twenties	male	
spk1	train0179.mp3	彼女は父親にぴったりとしがみついていた。			twenties	male	
spk1	train0180.mp3	物価がそんなに安いと聞いて私たちはびっくりした。			twenties	male	
spk1	train0181.mp3	隣のクラスの先生はまだ若いです。			twenties	male	
spk1	train0182.mp3	不注意な人間は過ちを犯しがちである。			twenties	male	
spk1	train0183.mp3	病人はついに病気を克服した。			twenties	male	
spk1	train0184.mp3	彼女は病気のために学校を休んだ。			twenties	male	
spk1	train0185.mp3	きのう友達とコンサートに行きました。			twenties	male	
spk1	train0186.mp3	田中さんはいつも忙しそうです。			twenties	male	
spk1	train0187.mp3	父は私を弁護士にしたがっている。			twenties	male	
spk1	train0188.mp3	父親は家族の生活をまかなう。			twenties	male	
spk1	train0189.mp3	彼女は部屋を掃除するたびに何かを壊す。			twenties	male	
spk1	train0190.mp3	彼女は踊りたい気分だった。			twenties	male	
spk1	train0191.mp3	壁を塗るつもりです。			twenties	male	
spk1	train0192.mp3	わたしの前に車が止まりました。			twenties	male	
spk1	train0193.mp3	彼女を起こしてきなさい。			twenties	male	
spk1	train0194.mp3	彼女を見送りに行ってきたところです。			twenties	male	
spk1	train0195.mp3	部屋には物音一つ聞こえなかった。			twenties	male	
spk1	train0196.mp3	郵便局は駅のそばにあります。			twenties	male	
spk1	train0197.mp3	病気のために彼女は旅行することが出来なかった。			twenties	male	
spk1	train0198.mp3	彼女は夫に子供たちをそれぞれの家に送らせた。			twenties	male	
spk1	train0199.mp3	彼女は秘書としての仕事に非常に有能である。			twenties	male	
spk1	train0200.mp3	彼女は風邪を引いて欠席しました。			twenties	male	
spk1	train0201.mp3	中国近代史をいろどった、英雄の時代が過ぎてゆく。			twenties	male	
spk1	train0202.mp3	亜由美ちゃんの足が河風の煽りを受けていた。			twenties	male	
spk1	train0203.mp3	それを発明した教授は大学から相当の対価を受ける権利がある。			twenties	male	
spk1	train0204.mp3	分相応に暮らせ。			twenties	male	
spk1	train0205.mp3	気管支ぜんそくや鼻炎も広まっている。			twenties	male	
spk1	train0206.mp3	父親はしぶしぶ娘の結婚に同意した。			twenties	male	
spk1	train0207.mp3	物価の変動を考慮して、給付水準を決める必要がある。			twenties	male	
spk1	train0208.mp3	彼女は宝石で飾りたてた。			twenties	male	
spk1	train0209.mp3	外を見ると雨が降り始めている。			twenties	male	
spk1	train0210.mp3	父はテーブルの上座の自分の席に着いて、お祈りを始めた。			twenties	male	
spk1	train0211.mp3	風船が木に引っかかっている。			twenties	male	
spk1	train0212.mp3	去年はいい年でした。			twenties	male	
spk5	train0213.mp3	昼から夜まで、およそ子供の考えつく、ありとあらゆる遊びをやった。			twenties	male	
spk1	train0214.mp3	この本は漢字が多くて難しいです。			twenties	male	
spk1	train0215.mp3	父の趣味はバラを栽培することです。			twenties	male	
spk1	train0216.mp3	父は自分の問題をいつも母と相談する。			twenties	male	
spk1	train0217.mp3	お茶でも飲みませんか。			twenties	male	
spk1	train0218.mp3	夫を亡くした婦人は、未亡人です。			twenties	male	
spk1	train0219.mp3	富士山は雪で覆われていた。			twenties	male	
spk1	train0220.mp3	彼女は話をするのが恐かった。			twenties	male	
spk1	train0221.mp3	わたしはあの山に登ったことがあります。			twenties	male	
spk1	train0222.mp3	彼女は病気だったと思われる。			twenties	male	
spk1	train0223.mp3	食堂はあっちの建物にあります。			twenties	male	
spk1	train0224.mp3	来週から毎日テストがあります。			twenties	male	
spk1	train0225.mp3	氷嚢を持ってきてください。			twenties	male	
spk1	train0226.mp3	不思議な巡り合わせで私達はばったり再会した。			twenties	male	
spk1	train0227.mp3	疲れが彼女の顔に見えた。			twenties	male	
spk1	train0228.mp3	父は私に新しい自転車を買ってくれました。			twenties	male	
spk1	train0229.mp3	病人の容態は変わりかけている。			twenties	male	
spk1	train0230.mp3	彼女は母の肩に頭をもたせかけた。			twenties	male	
spk1	train0231.mp3	彼女は風呂付きの部屋を探していたのだが、この近くで見つけた。			twenties	male	
spk1	train0232.mp3	彼等は貿易問題について臨時の会合を開いた。			twenties	male	
spk1	train0233.mp3	彼女は両足が麻痺している。			twenties	male	
spk1	train0234.mp3	郵便局ではがきを一枚買います。			twenties	male	
spk1	train0235.mp3	病気のため彼はタバコをやむなくやめた。			twenties	male	
spk1	train0236.mp3	父は歌い続けた。			twenties	male	
spk1	train0237.mp3	頭上には、右上方へと、急角度でのぼる線が、くっきりと描かれている。			twenties	male	
spk1	train0238.mp3	風邪をひきました。			twenties	male	
spk1	train0239.mp3	彼女は涙を流すまいとした。			twenties	male	
spk1	train0240.mp3	こういう絵が、やすやすと描けるはずはない。			twenties	male	
spk1	train0241.mp3	父と私は日曜日にはテニスをした。			twenties	male	
spk1	train0242.mp3	氷をたくさんいれて下さい。			twenties	male	
spk1	train0243.mp3	きのうは忙しかったので、とても疲れました。			twenties	male	
spk1	train0244.mp3	文の最初の語はすべて大文字ではじめなければならない。			twenties	male	
spk1	train0245.mp3	私の駄文を見ていただきありがとうございます。			twenties	male	
spk1	train0246.mp3	貧血気味です。			twenties	male	
spk1	train0247.mp3	浮かんだと思うとまた沈む。			twenties	male	
spk1	train0248.mp3	木村さんとよくあの喫茶店へ行きます。			twenties	male	
spk1	train0249.mp3	それをかばおうとして、右ひざと、ふくらはぎをやられた。			twenties	male	
spk1	train0250.mp3	この作文はとてもよく書けました。			twenties	male	
spk2	train0251.mp3	不意を討たれて私は何も言う事を思い付かなかった。			twenties	male	
spk2	train0252.mp3	母はいつもわたしに買い物を頼みます。			twenties	male	
spk2	train0253.mp3	病人にそんなことを言うなんて、彼には思いやりがなかった。			twenties	male	
spk2	train0254.mp3	彼女は美しいばかりか、心も優しく、しかも、聡明である。			twenties	male	
spk2	train0255.mp3	彼女は冷たいよりもむしろ内気なのです。			twenties	male	
spk2	train0256.mp3	彼女を待つ必要がありますか。			twenties	male	
spk2	train0257.mp3	彼等は、何も起こらなかったかのように食べ続けた。			twenties	male	
spk2	train0258.mp3	彼女は毛筆を使うのがいやだった。			twenties	male	
spk2	train0259.mp3	風船はどんどん上がって行って、とうとう見えなくなった。			twenties	male	
spk2	train0260.mp3	部下は彼のあとに続いた。			twenties	male	
spk2	train0261.mp3	豹はその斑点を変えることはできない。			twenties	male	
spk2	train0262.mp3	彼女らは喜びで満ち溢れていた。			twenties	male	
spk2	train0263.mp3	彼女は不本意ながらもそうした。			twenties	male	
spk2	train0264.mp3	彼女は木から落ちた。			twenties	male	
spk2	train0265.mp3	封筒をください。			twenties	male	
spk2	train0266.mp3	部屋をいそいでかたづけてほしいの。			twenties	male	
spk2	train0267.mp3	彼女は母親にそっくりだ。			twenties	male	
spk2	train0268.mp3	表面的な理由がいくつかある。			twenties	male	
spk2	train0269.mp3	父は喜んでいるどころか、とても怒っている。			twenties	male	
spk2	train0270.mp3	兵隊たちは彼らが征服した人々から食物を没収した。			twenties	male	
spk2	train0271.mp3	この時計はきっと高いにちがいありません。			twenties	male	
spk2	train0272.mp3	武器を持ち歩くのは法律違反である。			twenties	male	
spk2	train0273.mp3	父は週末に帰宅します。			twenties	male	
spk2	train0274.mp3	父の死後彼が会社の責任者となった。			twenties	male	
spk5	train0275.mp3	夜空を、赤い灯が点滅しながら旋回し、十分おきに、照明弾がゆっくりと落ちてくる。			twenties	male	
spk5	train0276.mp3	物価が上っている。			twenties	male	
spk2	train0277.mp3	父は私の健康のことを心配している。			twenties	male	
spk2	train0278.mp3	父はテーブルの自分の席に着いた。			twenties	male	
spk2	train0279.mp3	部屋からでてきてもいいですか。			twenties	male	
spk2	train0280.mp3	浜辺は人でいっぱいだ。			twenties	male	
spk2	train0281.mp3	彼女は病気だといった。			twenties	male	
spk2	train0282.mp3	あの交差点を右に曲がると、大使館があります。			twenties	male	
spk2	train0283.mp3	貧乏だけれども、彼は嘘をつくようなことはしない。			twenties	male	
spk2	train0284.mp3	父は袖に長い裂け目を作った。			twenties	male	
spk2	train0285.mp3	部屋にはほとんど誰もいなかった。			twenties	male	
spk2	train0286.mp3	彼女好調ですね。			twenties	male	
spk2	train0287.mp3	あそこのスーパーは夜も開いています。			twenties	male	
spk2	train0288.mp3	彼女は不幸らしい。			twenties	male	
spk2	train0289.mp3	首相になってからのほうが、ずっと、表情が柔和だった。			twenties	male	
spk2	train0290.mp3	先だって、ごく短期間だが、久方ぶりに、ヨーロッパへ行った。			twenties	male	
spk2	train0291.mp3	腹を立てるな。			twenties	male	
spk2	train0292.mp3	この建物の三階にあります。			twenties	male	
spk2	train0293.mp3	不足の事態を頭にいれておく。			twenties	male	
spk2	train0294.mp3	覆面をした男達が旅客を襲って金を奪った。			twenties	male	
spk2	train0295.mp3	ごはんを食べてから、歯をみがきます。			twenties	male	
spk2	train0296.mp3	貧しい人をさげすんではならない。			twenties	male	
spk2	train0297.mp3	父は出かけていますが、母は在宅しています。			twenties	male	
spk2	train0298.mp3	彼女は父親にセーターを編んであげた。			twenties	male	
spk2	train0299.mp3	そうです、異常音は空冷ファンの最後の断末魔だったのです。			twenties	male	
spk2	train0300.mp3	彼を気の毒におもわずにはいられない。			twenties	male	
spk2	train0301.mp3	彼女は率直にものを言う。			twenties	male	
spk2	train0302.mp3	今年の三月十五日に日本に来ました。			twenties	male	
spk2	train0303.mp3	父はあした家にいるのでしょう。			twenties	male	
spk2	train0304.mp3	不正アクセスは、法律で取り締まるべき。			twenties	male	
spk2	train0305.mp3	彼女は老人が横断するのに手を貸してあげた。			twenties	male	
spk2	train0306.mp3	母が作る料理はとてもおいしいです。			twenties	male	
spk2	train0307.mp3	分からないことがあったら、いつでも私に聞きなさい。			twenties	male	
spk2	train0308.mp3	物価が下がった。			twenties	male	
spk2	train0309.mp3	彼女は冷静に話し続けた。			twenties	male	
spk2	train0310.mp3	分かるような気がする。			twenties	male	
spk2	train0311.mp3	尚、会社説明会後でも、会社見学は随時受け付けております。			twenties	male	
spk2	train0312.mp3	兵士たちは敵の攻撃に抵抗した。			twenties	male	
spk2	train0313.mp3	彼女は母親を見るやいなや大声で叫んだ。			twenties	male	
spk2	train0314.mp3	風邪が抜けない。			twenties	male	
spk2	train0315.mp3	あのレストランは安いです。でも、あまりおいしくないです。			twenties	male	
spk2	train0316.mp3	夏は暑いので、スーツを着たくないです。			twenties	male	
spk2	train0317.mp3	文学批評を読むことは文学を理解するのにとても役立つ。			twenties	male	
spk2	train0318.mp3	私たちはとっても仲良しでお互いの家をよく行き来する仲でした。			twenties	male	
spk2	train0319.mp3	風が強くなってきたようだね。			twenties	male	
spk2	train0320.mp3	夫の死後、彼女は一人で二人の子供を育てた。			twenties	male	
spk2	train0321.mp3	木村さんは学生ですが、田中さんは会社員です。			twenties	male	
spk2	train0322.mp3	壁の色は床の色とそぐわない。			twenties	male	
spk2	train0323.mp3	父は毎朝起きると、新聞を読みます。			twenties	male	
spk2	train0324.mp3	病気は財布を空にする。			twenties	male	
spk2	train0325.mp3	彼女は夕食の前に宿題をするのが習慣になっている。			twenties	male	
spk2	train0326.mp3	羽子板で突く羽の玉は「むくろじ」という大木の種です。			twenties	male	
spk2	train0327.mp3	彼女は流行にとらわれている。			twenties	male	
spk2	train0328.mp3	日本では冬雪が降ります。			twenties	male	
spk2	train0329.mp3	十日までにこの仕事をしなければなりません。			twenties	male	
spk2	train0330.mp3	風呂に入っている時に、よい考えが浮かんだ。			twenties	male	
spk2	train0331.mp3	あれは田中さんのです。			twenties	male	
spk2	train0332.mp3	授業中に隣の人と話してはいけません。			twenties	male	
spk2	train0333.mp3	貧乏くじを引きたくない。			twenties	male	
spk2	train0334.mp3	これほど、躍動感がなくて、静かで、沈痛な胴上げというのも珍しい。			twenties	male	
spk2	train0335.mp3	彼女は目にいっぱい浮かべて、さよならと手を振っていた。			twenties	male	
spk2	train0336.mp3	彼女は老婆のように頭を下げて歩いた。			twenties	male	
spk2	train0337.mp3	彼女は服に凝っている。			twenties	male	
spk2	train0338.mp3	日本では十八歳から運転ができます。			twenties	male	
spk2	train0339.mp3	危ないので、ここに入ってはいけません。			twenties	male	
spk2	train0340.mp3	運転免許を取って三年目になります。			twenties	male	
spk2	train0341.mp3	この意見に、宇宙人たちは、パチパチと、それぞれすべての手で拍手して賛成した。			twenties	male	
spk2	train0342.mp3	彼女は野球があまり好きではない。			twenties	male	
spk2	train0343.mp3	理由は非常に明白であって、私は講演が下手だからである。			twenties	male	
spk2	train0344.mp3	彼女は夫の欠点ばかり探している。			twenties	male	
spk2	train0345.mp3	ここの下りも手掛かりがないので危険だ。			twenties	male	
spk2	train0346.mp3	彼女は部屋の中を歩きまわっていた。			twenties	male	
spk2	train0347.mp3	義務は、許可通知の後、発行料を支払った後、も続く点に留意。			twenties	male	
spk2	train0348.mp3	病気のいろいろな徴候を示す。			twenties	male	
spk2	train0349.mp3	父は写真コンテストで一等賞を獲得し意気揚々としていた。			twenties	male	
spk2	train0350.mp3	風邪に一番良い薬はなんですか。			twenties	male	
spk2	train0351.mp3	彼女は本当に美人だ。			twenties	male	
spk2	train0352.mp3	部屋に入ると私達は再び話を始めた。			twenties	male	
spk2	train0353.mp3	うちの犬は本当にかわいいです。			twenties	male	
spk5	train0354.mp3	「信用して」と彼は言った。			twenties	male	
spk2	train0355.mp3	大半は、大手の流通業者をへて、書店へ流れるが、たちまち、返本となって姿を消す本が少なくない。			twenties	male	
spk2	train0356.mp3	品物は代金引換でお送りいたします。			twenties	male	
spk2	train0357.mp3	わたしは子どものころ、よくあの公園で遊びました。			twenties	male	
spk2	train0358.mp3	不動産が高すぎるという意見に賛成だ。			twenties	male	
spk2	train0359.mp3	ペンで字を書きます。			twenties	male	
spk2	train0360.mp3	文明の進歩がとても速い。			twenties	male	
spk2	train0361.mp3	彼女たちの口から職場の労働問題が出てくることはほとんどなかった。			twenties	male	
spk2	train0362.mp3	彼女は夕食に遅れるだろう。			twenties	male	
spk2	train0363.mp3	玄関に花瓶が置いてあります。			twenties	male	
spk2	train0364.mp3	冷房では、冷え過ぎが、問題になる。			twenties	male	
spk2	train0365.mp3	一日はとても短いです。			twenties	male	
spk2	train0366.mp3	現地に着いて、いざというときおぶってくれる、原住民を頼んだが、これがピグミーであった。			twenties	male	
spk2	train0367.mp3	中国がより積極的な役割を発揮していくものと信じる。			twenties	male	
spk2	train0368.mp3	七月になると、だんだん暑くなります。			twenties	male	
spk2	train0369.mp3	普通、私達は大学で自分の考えを修正します。			twenties	male	
spk2	train0370.mp3	どの先生の授業がいちばんおもしろいですか。			twenties	male	
spk2	train0371.mp3	あした木村さんと二人でプールへ行きます。			twenties	male	
spk2	train0372.mp3	わたしは果物や野菜は八百屋で買います。			twenties	male	
spk2	train0373.mp3	彼女は料理をするのに慣れている。			twenties	male	
spk2	train0374.mp3	自然な状態の髪の毛には、油分が含まれています。			twenties	male	
spk2	train0375.mp3	風の水の面が波だった。			twenties	male	
spk2	train0376.mp3	わたしは時々あそこの本屋へ行きます。			twenties	male	
spk2	train0377.mp3	彼女を誘惑しようとして、私は彼女の顔をじっとみつめた。			twenties	male	
spk2	train0378.mp3	彼女頭は悪いけどいい体つきをしている。			twenties	male	
spk2	train0379.mp3	かばんが閉まっていませんでした。			twenties	male	
spk2	train0380.mp3	いつも学校へ鉛筆を三本持って行きます。			twenties	male	
spk2	train0381.mp3	このかばんは外側にポケットがあります。			twenties	male	
spk2	train0382.mp3	スーパーが閉まっていたので、買い物ができませんでした。			twenties	male	
spk2	train0383.mp3	どろぼうでも入ったかと、一瞬僕は思った。			twenties	male	
spk2	train0384.mp3	父はめったに極端なことはしない。			twenties	male	
spk2	train0385.mp3	百歳以上生きる人はほとんどいない。			twenties	male	
spk2	train0386.mp3	彼等は意見を異にするのに、相変わらず仲が良い。			twenties	male	
spk2	train0387.mp3	来年海外を旅行しようと思っています。			twenties	male	
spk2	train0388.mp3	田中さんはコーラを飲みます。			twenties	male	
spk2	train0389.mp3	彼女は僕と同い年だ。			twenties	male	
spk2	train0390.mp3	夫婦は孤児を養女にすることを決心した。			twenties	male	
spk2	train0391.mp3	お手洗いは二階にあります。			twenties	male	
spk2	train0392.mp3	父は時間を無駄にしない。			twenties	male	
spk2	train0393.mp3	松井さんは料理が上手です。			twenties	male	
spk2	train0394.mp3	彼女は毎朝化粧をする。			twenties	male	
spk2	train0395.mp3	父は夕食の間じゅう一言もしゃべらなかった。			twenties	male	
spk2	train0396.mp3	貧乏な人々に食料と衣類を供給しなければならない。			twenties	male	
spk2	train0397.mp3	あそこに木村さんが立っています。			twenties	male	
spk2	train0398.mp3	朝夕は冷えるので服装などに注意したい。			twenties	male	
spk2	train0399.mp3	父はその映画の間ずっと眠っていた。			twenties	male	
spk2	train0400.mp3	無関係の人を殺るな！			twenties	male	
spk2	train0401.mp3	彼女は来る日も来る日も待ち続けるだろうが、彼は帰ってこないだろう。			twenties	male	
spk2	train0402.mp3	この紅茶は熱いです。			twenties	male	
spk2	train0403.mp3	彼女は病院へ行けと聞かなかった。			twenties	male	
spk2	train0404.mp3	彼女を一人にしておくのは間違っていると我々は思った。			twenties	male	
spk2	train0405.mp3	部屋にはたくさんの少女がいる。			twenties	male	
spk2	train0406.mp3	この道は曲がっています。			twenties	male	
spk2	train0407.mp3	疲れきっていたので寝ることしか考えられませんでした。			twenties	male	
spk2	train0408.mp3	小さい動物はとてもかわいいです。			twenties	male	
spk2	train0409.mp3	彼女は僕の要求に応じた。			twenties	male	
spk2	train0410.mp3	彼女は吠える犬を怖がる。			twenties	male	
spk2	train0411.mp3	彼女は涙をこらえた。			twenties	male	
spk2	train0412.mp3	彼等の仕事ははっきりと注意してニュースを読む事です。			twenties	male	
spk2	train0413.mp3	彼女は不平を並べてばかりいます。			twenties	male	
spk2	train0414.mp3	不注意な運転は事故の原因となる。			twenties	male	
spk2	train0415.mp3	先週、イさんと映画館へ行って、映画を見ました。			twenties	male	
spk2	train0416.mp3	病気でなければ来るだろう。			twenties	male	
spk2	train0417.mp3	父はその人を書斎に入れた。			twenties	male	
spk2	train0418.mp3	彼女を待つより他に仕方がなかった。			twenties	male	
spk2	train0419.mp3	友達に木村さんの電話番号を教えました。			twenties	male	
spk2	train0420.mp3	父が手伝ってくれるでしょう。			twenties	male	
spk2	train0421.mp3	文には普通、主語と動詞がある。			twenties	male	
spk2	train0422.mp3	もう七時半なので、家を出なければなりません。			twenties	male	
spk2	train0423.mp3	ここに切手が八枚あります。			twenties	male	
spk2	train0424.mp3	夫は妻とは対照的に、買い物を楽しんでいないようだった。			twenties	male	
spk2	train0425.mp3	彼女は秘書となる訓練を受けた。			twenties	male	
spk2	train0426.mp3	彼女は美しかったに違いない。			twenties	male	
spk2	train0427.mp3	降るような星空で、その星空を流れるように行く雲が美しい。			twenties	male	
spk2	train0428.mp3	彼等は私を食事に招いてくれた。			twenties	male	
spk2	train0429.mp3	林さんのお弁当はおいしそうです。			twenties	male	
spk2	train0430.mp3	彼女は彼を一目見て恋に落ちた。			twenties	male	
spk2	train0431.mp3	彼女は婦人解放運動で積極的に活躍した。			twenties	male	
spk2	train0432.mp3	不思議な感じが蘇ってきた。			twenties	male	
spk2	train0433.mp3	腹を割って話そう。			twenties	male	
spk2	train0434.mp3	向こうの道に家がたくさん並んでいます。			twenties	male	
spk2	train0435.mp3	彼女は立ち上がって窓のところまで歩いて行った。			twenties	male	
spk2	train0436.mp3	机の上に本があります。			twenties	male	
spk2	train0437.mp3	このテーブルは丸いです。			twenties	male	
spk2	train0438.mp3	部屋代は高いが、その他の点ではその部屋は申し分ない。			twenties	male	
spk2	train0439.mp3	彼女を愛さない者がいようか。			twenties	male	
spk2	train0440.mp3	父はこのレストランでいつも食事をしていた。			twenties	male	
spk2	train0441.mp3	隠れキャラも登場予定？開発元に聞く。			twenties	male	
spk2	train0442.mp3	彼女は目を開けたままベッドに横になっていた。			twenties	male	
spk2	train0443.mp3	不思議そうな表情が、一瞬、疲れが抜けたような、柔らかい表情に変わった。			twenties	male	
spk2	train0444.mp3	不妊手術を受けました。			twenties	male	
spk2	train0445.mp3	今晩はとても寒いです。			twenties	male	
spk2	train0446.mp3	彼女は必ず私を訪ねてくれた。			twenties	male	
spk2	train0447.mp3	付き合う仲間を見れば、その人がわかる。			twenties	male	
spk2	train0448.mp3	彼女は編み物を脇に置いて立ち上がった。			twenties	male	
spk2	train0449.mp3	疲れたので早く家に帰ると彼は言った。			twenties	male	
spk2	train0450.mp3	父はとても面白い話をしてくれた。			twenties	male	
spk2	train0451.mp3	駅から病院までバスで十分かかります。			twenties	male	
spk2	train0452.mp3	彼女は目に涙をいっぱい浮かべて彼のプロポーズを受け入れた。			twenties	male	
spk2	train0453.mp3	いつも寝る前に、おふろに入ります。			twenties	male	
spk2	train0454.mp3	風が炎をあおり立てた。			twenties	male	
spk2	train0455.mp3	この教室の壁は厚いです。			twenties	male	
spk2	train0456.mp3	妹がまだ帰らないので、母は心配しています。			twenties	male	
spk2	train0457.mp3	テーブルの上にちゃわんとおはしを並べます。			twenties	male	
spk2	train0458.mp3	百科事典を買いたいという御関心はありますか。			twenties	male	
spk2	train0459.mp3	物質が化学的に変化する時には、化学エネルギーが放出される。			twenties	male	
spk2	train0460.mp3	父は海外旅行中です。			twenties	male	
spk2	train0461.mp3	風は東から吹いている。			twenties	male	
spk2	train0462.mp3	彼女は野望に燃えていた。			twenties	male	
spk2	train0463.mp3	彼女は来週から産休に入る。			twenties	male	
spk2	train0464.mp3	髭をそっているとき顔を切った。			twenties	male	
spk2	train0465.mp3	今からちょうど試合が始まります。			twenties	male	
spk2	train0466.mp3	いわゆる裏方仕事もたくさんあります。			twenties	male	
spk2	train0467.mp3	物価は上昇傾向にある。			twenties	male	
spk2	train0468.mp3	今流行の、単身赴任族の淋しさを、ちょっぴり味わわせてもらったのも、有意義な体験だ。			twenties	male	
spk2	train0469.mp3	病気のために本日は伺うことができませんでした。			twenties	male	
spk2	train0470.mp3	みんなは、それから、彼が入院中、人づきあいが悪く、どうも苦手だったという評をし始めた。			twenties	male	
spk2	train0471.mp3	教室から出ます。			twenties	male	
spk2	train0472.mp3	部屋につけておいてください。			twenties	male	
spk2	train0473.mp3	学校や病院などの給食業務で栄養素を計算する上で重要な資料のひとつである			twenties	male	
spk2	train0474.mp3	暗い所で本を読むのはやめたほうがいいです。			twenties	male	
spk2	train0475.mp3	彼等がいつ戻ってくるか知っていますか。			twenties	male	
spk2	train0476.mp3	彼女は非常に研究に熱心だった。			twenties	male	
spk2	train0477.mp3	夫と比べると、彼女はあまり慎重ではない。			twenties	male	
spk2	train0478.mp3	百聞は一見に如かず。			twenties	male	
spk2	train0479.mp3	木村さんはかわいい物が大好きです。			twenties	male	
spk2	train0480.mp3	部屋にはたくさん家具があります。			twenties	male	
spk2	train0481.mp3	店員に食べ物を頼みました。			twenties	male	
spk2	train0482.mp3	夫が死んだ時彼女は自殺したい気分になった。			twenties	male	
spk2	train0483.mp3	父は旅慣れしている。			twenties	male	
spk2	train0484.mp3	またいつか風のように走るんだ。			twenties	male	
spk2	train0485.mp3	父の頭は白くなった。			twenties	male	
spk2	train0486.mp3	これを五枚コピーします。			twenties	male	
spk2	train0487.mp3	外は寒いですか。			twenties	male	
spk2	train0488.mp3	山田さんは妹に本をくれました。			twenties	male	
spk2	train0489.mp3	部屋を替えていただけますか。			twenties	male	
spk2	train0490.mp3	部長カンカンになって怒ってたぞ。お前何をしたんだよ。			twenties	male	
spk2	train0491.mp3	部活の勧誘にももう慣れた。			twenties	male	
spk2	train0492.mp3	彼女は貧乏な家族に食べ物を与えた。			twenties	male	
spk2	train0493.mp3	彼女は不注意な間違いにまごついて、わっと泣き出した。			twenties	male	
spk2	train0494.mp3	車を買うと、お金がなくなります。			twenties	male	
spk2	train0495.mp3	文章は大文字で書き始めなくてはならない。			twenties	male	
spk2	train0496.mp3	彼女は涙ながらに友達と別れた。			twenties	male	
spk2	train0497.mp3	風俗習慣は国によって大きな違いがある。			twenties	male	
spk2	train0498.mp3	布は鮮やかな赤色に染められた。			twenties	male	
spk2	train0499.mp3	同時に福井ミラクルエレファンツにコーチ兼任で入団することが発表された			twenties	male	
spk2	train0500.mp3	私は、上着を脱ぎ、石組みの上に両手をついて、うつ伏せになった。			twenties	male	
spk2	train0501.mp3	百年は一世紀と呼ばれる。			twenties	male	
spk2	train0502.mp3	僕的にはもっと地味ってか渋い服が欲しいんですけどね。			twenties	male	
spk2	train0503.mp3	病後の彼女はまるで以前の彼女の影を見るようだった。			twenties	male	
spk2	train0504.mp3	足が痛いので、ゆっくり歩きます。			twenties	male	
spk2	train0505.mp3	部屋では帽子を取りなさい。			twenties	male	
spk2	train0506.mp3	彼女は非難されるようなことをしたのを許してほしいと言った。			twenties	male	
spk2	train0507.mp3	彼女は病気に違いない。			twenties	male	
spk2	train0508.mp3	三階へはどう行けばいいですか。			twenties	male	
spk2	train0509.mp3	不安の影が彼女の顔をさっとよぎった。			twenties	male	
spk2	train0510.mp3	彼女は費用を顧みず家を飾りたてた。			twenties	male	
spk2	train0511.mp3	ブラジルはサッカーがとても強い国です。			twenties	male	
spk2	train0512.mp3	雨くらいで電話が混線してたら日本なんて大変ですよね。			twenties	male	
spk2	train0513.mp3	悲報を聞いて彼女は涙をこぼしそうになった。			twenties	male	
spk2	train0514.mp3	いいえ、行きません。			twenties	male	
spk2	train0515.mp3	父は私が彼に対して失礼な言動をとったとき、怒りで顔が真っ赤になった。			twenties	male	
spk2	train0516.mp3	わたしの弟は九歳です。			twenties	male	
spk2	train0517.mp3	イランに、天気予報は無い。			twenties	male	
spk2	train0518.mp3	学校はあの山の近くにあります。			twenties	male	
spk2	train0519.mp3	図書館は午前九時から午後八時までです。			twenties	male	
spk2	train0520.mp3	かぜで熱が三十八度あります。			twenties	male	
spk2	train0521.mp3	払い戻しを受けるには、商品は未開封のままご返送下さい。			twenties	male	
spk2	train0522.mp3	財布にお金を入れます。			twenties	male	
spk2	train0523.mp3	彼女は薔薇を栽培した。			twenties	male	
spk2	train0524.mp3	腐ったりんごは仲間を腐らせる。			twenties	male	
spk2	train0525.mp3	リードが大きければ、牽制球を投げなければならない。			twenties	male	
spk2	train0526.mp3	彼女は頬に涙を流しながら彼の手紙を読んだ。			twenties	male	
spk2	train0527.mp3	彼女は美に対する鑑識眼を持っている。			twenties	male	
spk2	train0528.mp3	彼女は来月の初めに東京に着く。			twenties	male	
spk2	train0529.mp3	父は車で仕事に行きます。			twenties	male	
spk2	train0530.mp3	ここにいる子どもたちは同じ学校の生徒です。			twenties	male	
spk2	train0531.mp3	十四年前、アル中患者になりすまして、ある精神病院に入院した、本社の記者は書いている。			twenties	male	
spk2	train0532.mp3	たくさん写真を撮ったので、もうフィルムがありません。			twenties	male	
spk2	train0533.mp3	別の理由があるね？どう？図星でしょう？			twenties	male	
spk2	train0534.mp3	生まれて間もない子猫が一匹、家に紛れ込んできた。			twenties	male	
spk2	train0535.mp3	標高がぐんと高くなると呼吸困難を感じる。			twenties	male	
spk2	train0536.mp3	父は私が忠告したように塩辛い食べ物の量を減らした。			twenties	male	
spk2	train0537.mp3	やっぱり、一生懸命やれば、自然と結果はついてくる。			twenties	male	
spk2	train0538.mp3	現地の発音を重んじて、そう呼ぶようになった。			twenties	male	
spk2	train0539.mp3	部屋探しは苦労することがある。			twenties	male	
spk2	train0540.mp3	彼女は踊るのが上手です。			twenties	male	
spk2	train0541.mp3	うちの犬はとても大きいです。			twenties	male	
spk2	train0542.mp3	コーラを二つお願いします。			twenties	male	
spk2	train0543.mp3	今晩友達がうちに泊まります。			twenties	male	
spk2	train0544.mp3	この部屋でお弁当を食べてもいいです。			twenties	male	
spk2	train0545.mp3	これは世界の常識であり、資源管理の大原則だ。			twenties	male	
spk2	train0546.mp3	返すのは、お昼休みでもいいですか。			twenties	male	
spk2	train0547.mp3	父は誕生日の祝いに時計をくれた。			twenties	male	
spk2	train0548.mp3	彼女は彼を幸せにしました。			twenties	male	
spk5	train0549.mp3	夫は私より上手に料理する。			twenties	male	
spk2	train0550.mp3	父はガレージを掃除している。			twenties	male	
spk2	train0551.mp3	風呂に入ったので気分がいっそう良くなった。			twenties	male	
spk2	train0552.mp3	氷のような冷気が車内に忍び込んできた。			twenties	male	
spk2	train0553.mp3	彼女は夕食を料理するのに忙しい。			twenties	male	
spk2	train0554.mp3	わたしは赤より青のほうが好きです。			twenties	male	
spk2	train0555.mp3	父と私の葛藤に、彼は気付いていないようです。			twenties	male	
spk2	train0556.mp3	欧米では、沈みゆくベネチアの町を救う運動が広がっている。			twenties	male	
spk2	train0557.mp3	風邪を引いたに違いない。			twenties	male	
spk2	train0558.mp3	きのうの映画はどうでしたか。			twenties	male	
spk2	train0559.mp3	ポケットの中にお金を入れます。			twenties	male	
spk2	train0560.mp3	彼女は悲しそうな顔をしていた。			twenties	male	
spk2	train0561.mp3	夫婦げんかは犬も食わない。			twenties	male	
spk2	train0562.mp3	彼女は妹に劣らず美しい。			twenties	male	
spk2	train0563.mp3	物事を整頓するのはとても難しい。			twenties	male	
spk2	train0564.mp3	小林さんはどなたですか。			twenties	male	
spk2	train0565.mp3	つぎの瞬間、万歳、万歳の声が聞こえていた。			twenties	male	
spk2	train0566.mp3	これは遠心力ですがニュートンは絶対運動と見なしています。			twenties	male	
spk2	train0567.mp3	彼女は魅力的な微笑を浮かべた。			twenties	male	
spk5	train0568.mp3	わたしのうしろにたくさんの人たちが並んでいます。			twenties	male	
spk5	train0569.mp3	彼女は話しつづけた。			twenties	male	
spk5	train0570.mp3	彼女は病気の赤ちゃんのために医者を捜しに行った。			twenties	male	
spk5	train0571.mp3	文明が進むにつれて、詩は殆ど必然的に衰える。			twenties	male	
spk5	train0572.mp3	アフリカ人は、実に巧みに、ぴゅんとつばを吐く。			twenties	male	
spk2	train0573.mp3	一般論でいえば、援助する側は、援助される側の屈折した心理を見落としがちである。			twenties	male	
spk2	train0574.mp3	父は私に怠けるなと忠告した。			twenties	male	
spk2	train0575.mp3	己を超えなければ、勝利の女神はほほえんでくれないらしい。			twenties	male	
spk2	train0576.mp3	カーテンに火が点いた。			twenties	male	
spk2	train0577.mp3	この新聞はロハだ。			twenties	male	
spk2	train0578.mp3	父は若いころ車を買うゆとりもなかった。			twenties	male	
spk2	train0579.mp3	来月九日に両親がわたしのうちへ遊びに来ます。			twenties	male	
spk2	train0580.mp3	先週、姉の結婚パーティーがありました。			twenties	male	
spk2	train0581.mp3	友達の自転車のうしろに乗りました。			twenties	male	
spk2	train0582.mp3	この日一日で、日焼けをした腕などが、ひりひりする。			twenties	male	
spk2	train0583.mp3	彼女は父親の頬にキスした。			twenties	male	
spk2	train0584.mp3	切手を十枚とはがきを三枚買います。			twenties	male	
spk2	train0585.mp3	わたしは東京に住んでいるけれども、弟は京都に住んでいます。			twenties	male	
spk2	train0586.mp3	風邪が胸にきて、咳と頭痛がする。			twenties	male	
spk2	train0587.mp3	彼女は率直に罪を認めた。			twenties	male	
spk2	train0588.mp3	後者の代表がウェッジウッドのジャスパーウェアである			twenties	male	
spk2	train0589.mp3	はい、いいですよ。			twenties	male	
spk2	train0590.mp3	彼女は部屋に閉じこもった。			twenties	male	
spk2	train0591.mp3	彼女は理由を簡単に述べた。			twenties	male	
spk2	train0592.mp3	病気のために、彼はそのパーティーに参加できなかった。			twenties	male	
spk2	train0593.mp3	父はその詩を声を出して読んだものです。			twenties	male	
spk2	train0594.mp3	部屋には家具がない。			twenties	male	
spk2	train0595.mp3	彼女は母親同様、注意深くない。			twenties	male	
spk2	train0596.mp3	いい職人は、仕事というものは、覚えれば覚えるほど、難しくなるといいます。			twenties	male	
spk5	train0597.mp3	いつも寝る前に、歯を磨きます。			twenties	male	
spk2	train0598.mp3	田中さんに本を見せます。			twenties	male	
spk2	train0599.mp3	富は幸福の一要因ではあろう。			twenties	male	
spk2	train0600.mp3	あしたイさんに会って、お土産を渡します。			twenties	male	
spk3	train0601.mp3	平山先生は大変上手く教える。			twenties	male	
spk3	train0602.mp3	電車に傘を忘れてしまいました。			twenties	male	
spk3	train0603.mp3	父は先生です。			twenties	male	
spk3	train0604.mp3	彼女は本を一冊小脇にかかえている。			twenties	male	
spk3	train0605.mp3	部屋を掃除しなさい。			twenties	male	
spk3	train0606.mp3	新しいお皿を使います。			twenties	male	
spk3	train0607.mp3	自分より大きく感じられるものは、すべて怖い。			twenties	male	
spk3	train0608.mp3	今月あのスーパーは水曜日が休みです。			twenties	male	
spk3	train0609.mp3	不注意が事故になることが多い。			twenties	male	
spk3	train0610.mp3	姫路駅で降りなさい。			twenties	male	
spk3	train0611.mp3	手を上に上げます。			twenties	male	
spk3	train0612.mp3	わたしの部屋より弟の部屋のほうが狭いです。			twenties	male	
spk3	train0613.mp3	弟はサッカーが上手なので、教えてもらいました。			twenties	male	
spk3	train0614.mp3	風はとてもひどく吹いている。			twenties	male	
spk3	train0615.mp3	暖房器具の時期に、冷房器具を並べるようなデパートは、たちまちつぶれる。			twenties	male	
spk3	train0616.mp3	橋を渡ると、すぐ公園があります。			twenties	male	
spk3	train0617.mp3	不平不満を治す薬はない。			twenties	male	
spk3	train0618.mp3	ある社長は、若い間はおおいに遊べという。			twenties	male	
spk3	train0619.mp3	父がいつ戻るか知りません。			twenties	male	
spk3	train0620.mp3	父は郵便受けを赤い色に塗った。			twenties	male	
spk3	train0621.mp3	彼女へのお土産には何が一番いいと思う？			twenties	male	
spk3	train0622.mp3	このタイプの人間が、一番多量の仕事をする。			twenties	male	
spk3	train0623.mp3	そんなに沢山パンに乗るんか？			twenties	male	
spk3	train0624.mp3	彼女は美人であるばかりか気立てもいい。			twenties	male	
spk3	train0625.mp3	彼女は部屋に新鮮な空気が入るように窓を開けた。			twenties	male	
spk3	train0626.mp3	物言わぬ友達は今朝死んだ。			twenties	male	
spk3	train0627.mp3	家へ帰ったら、掃除しようと思います。			twenties	male	
spk3	train0628.mp3	どれがほしいですか。			twenties	male	
spk3	train0629.mp3	ブラッシングすると毛羽立ちやすいので、注意が必要です。			twenties	male	
spk3	train0630.mp3	富と名声はあるのに、彼は孤独だ。			twenties	male	
spk3	train0631.mp3	負けるが勝ち。			twenties	male	
spk3	train0632.mp3	彼等はわたしを軽蔑した。			twenties	male	
spk3	train0633.mp3	父は外泊するときはたいてい帽子をかぶる。			twenties	male	
spk3	train0634.mp3	父がついでに私を飛行場まで送ってくれることになっている。			twenties	male	
spk3	train0635.mp3	普段私はコーヒーを飲みません。			twenties	male	
spk3	train0636.mp3	わたしは一週間に一回カラオケに行きます。			twenties	male	
spk3	train0637.mp3	富士山の頂上は雪でおおわれていた。			twenties	male	
spk3	train0638.mp3	封筒の裏に彼の住所を書いてしまった。			twenties	male	
spk3	train0639.mp3	彼女は毛布に身を包んだ。			twenties	male	
spk3	train0640.mp3	地下鉄は安くて、早くて、とても便利です。			twenties	male	
spk3	train0641.mp3	彼等の家はバス停のちょうど向こう側にあります。			twenties	male	
spk3	train0642.mp3	きょうはたくさん歩きました。			twenties	male	
spk3	train0643.mp3	むずかしいときこそ、プロの腕の見せ所です。			twenties	male	
spk3	train0644.mp3	分相応の暮らしをするように努めなさい。			twenties	male	
spk3	train0645.mp3	百合は当時たびたびロンドンに行った。			twenties	male	
spk3	train0646.mp3	父は私が外国へ行くことを承知した。			twenties	male	
spk3	train0647.mp3	この本は百二十ページあります。			twenties	male	
spk3	train0648.mp3	彼女は恋の炎に身を焼いた。			twenties	male	
spk3	train0649.mp3	イさんは日本に一人で住んでいます。			twenties	male	
spk3	train0650.mp3	彼女は服に沢山お金を使う。			twenties	male	
spk3	train0651.mp3	彼女は誘惑に負けた。			twenties	male	
spk3	train0652.mp3	米国にノウと言えるのか？			twenties	male	
spk3	train0653.mp3	洗濯のりでののりづけの仕方を教えてください。			twenties	male	
spk3	train0654.mp3	これはきのう買ったテープです。			twenties	male	
spk3	train0655.mp3	表に出てはいけません、ひどく雨が降っているよ。			twenties	male	
spk3	train0656.mp3	兵士は進撃を命じられた。			twenties	male	
spk3	train0657.mp3	生きた潤滑油です。			twenties	male	
spk3	train0658.mp3	銀行へ行って、お金の振り込みをします。			twenties	male	
spk3	train0659.mp3	部屋を掃除することが娘の仕事です。			twenties	male	
spk3	train0660.mp3	必ず私の家に立ち寄りなさい。			twenties	male	
spk3	train0661.mp3	彼女は服にアクセサリーを付けている。			twenties	male	
spk3	train0662.mp3	父はいつも歩いて通勤するわけではない。			twenties	male	
spk3	train0663.mp3	彼女は貧しい人たちの間で働くことに一生を捧げた。			twenties	male	
spk3	train0664.mp3	し、しまったぁ！つい口がすべった。			twenties	male	
spk3	train0665.mp3	父は仕事を手伝ってくれる有能な助手を欲しがっています。			twenties	male	
spk3	train0666.mp3	父は、思うに、あのとき少し酔っていたのだと思う。			twenties	male	
spk3	train0667.mp3	わたしには、約束時間ぎりぎりに、家を出るという、悪い癖がある。			twenties	male	
spk3	train0668.mp3	物事を自分でするよう努めなさい。			twenties	male	
spk3	train0669.mp3	インタビューは、午後十時から始まり、途中で夕食をはさみ、延々、四時間に及んだ。			twenties	male	
spk3	train0670.mp3	熱があって、起きられませんでした。			twenties	male	
spk3	train0671.mp3	必要以上の水がある。			twenties	male	
spk3	train0672.mp3	彼女は母さんを幸せにしました。			twenties	male	
spk3	train0673.mp3	彼女は話す前に気を鎮めた。			twenties	male	
spk3	train0674.mp3	妹の咲子です。俺と年子で、今受験生です。			twenties	male	
spk3	train0675.mp3	彼女は病気の母の看病をした。			twenties	male	
spk3	train0676.mp3	物語はますます面白くなかった。			twenties	male	
spk3	train0677.mp3	外国へ行くとき、パスポートを持って行きます。			twenties	male	
spk3	train0678.mp3	父と母と妹がいます。			twenties	male	
spk3	train0679.mp3	彼女は率直でもあり素直でもあった。			twenties	male	
spk3	train0680.mp3	人間とは、微妙で、複雑な生き物である。			twenties	male	
spk3	train0681.mp3	病気のため、彼は会合を延期せざるを得なかった。			twenties	male	
spk3	train0682.mp3	彼女は未だここに来てない。			twenties	male	
spk3	train0683.mp3	壁の地図を注意して見なさい。			twenties	male	
spk3	train0684.mp3	この荷物は五キロあるので、重いです。			twenties	male	
spk3	train0685.mp3	彼女は母親を喜ばせたかった。			twenties	male	
spk3	train0686.mp3	足し算引き算は出来なくても、絵は描ける。			twenties	male	
spk3	train0687.mp3	彼女は非常に研究熱心だった。			twenties	male	
spk3	train0688.mp3	忙しかったので、昼ごはんを食べられませんでした。			twenties	male	
spk3	train0689.mp3	富士山はエベレストほど高くはない。			twenties	male	
spk3	train0690.mp3	彼女もコップを割った。			twenties	male	
spk3	train0691.mp3	たくさん歩いたので、足が疲れました。			twenties	male	
spk3	train0692.mp3	テニスをする元気のある人が、ちょっぴり妬ましい。			twenties	male	
spk3	train0693.mp3	部屋でお待ちになりますか。			twenties	male	
spk3	train0694.mp3	敷物は音を吸収する。			twenties	male	
spk3	train0695.mp3	山田さんの妹さんは背が低くて、かわいいです。			twenties	male	
spk3	train0696.mp3	大使館へ行くなら、次の駅で降ります。			twenties	male	
spk3	train0697.mp3	小林さんは木村さんにパンを半分あげました。			twenties	male	
spk3	train0698.mp3	彼女は非常に賢いからそれを知らないはずはない。			twenties	male	
spk3	train0699.mp3	彼等は目があったとたんに恋におちいった。			twenties	male	
spk3	train0700.mp3	必ずドアに鍵を掛けるようにして下さい。			twenties	male	
spk3	train0701.mp3	なんでもっと早くここに来なかったのだ。			twenties	male	
spk3	train0702.mp3	平日は比較的混んでいないようです。			twenties	male	
spk3	train0703.mp3	明るい所で勉強します。			twenties	male	
spk3	train0704.mp3	電話で済まそうと思いました。			twenties	male	
spk3	train0705.mp3	父は私にドアを開けるように頼んだ。			twenties	male	
spk3	train0706.mp3	彼女も一人前の女になった。			twenties	male	
spk3	train0707.mp3	複雑骨折の痛みはほとんど耐え難かった。			twenties	male	
spk3	train0708.mp3	あした外国人の友達と会います。			twenties	male	
spk3	train0709.mp3	レストランで料理を四つ頼みます。			twenties	male	
spk3	train0710.mp3	彼女も姉と同様に美人だ。			twenties	male	
spk3	train0711.mp3	山田さんは教室の外にいます。			twenties	male	
spk3	train0712.mp3	彼女は約束を破ったといって、彼を責めた。			twenties	male	
spk3	train0713.mp3	さらに、横から見ると、前歯は出っ歯の状態にあります。			twenties	male	
spk3	train0714.mp3	葡萄酒を一杯いかがですか。			twenties	male	
spk3	train0715.mp3	しかしながら、これらの溶剤は発がん性が指摘された。			twenties	male	
spk3	train0716.mp3	昭和十二年ごろと比べ、最近の公務員の初任給は、千六百倍になっている。			twenties	male	
spk3	train0717.mp3	父は私を男や女としてではなく、演技者として訓練しました。			twenties	male	
spk3	train0718.mp3	不作は日照り続きのためだった。			twenties	male	
spk3	train0719.mp3	父は私に決して多くの助言はしなかった。			twenties	male	
spk3	train0720.mp3	細長い指先で、激しく鍵を叩く。			twenties	male	
spk3	train0721.mp3	反政府デモへの、一般学生、一般市民の合流を、過大評価することは、適切ではあるまい。			twenties	male	
spk3	train0722.mp3	彼女は文章がうまい。			twenties	male	
spk3	train0723.mp3	彼女は老婦人に温かい微笑を投げかけた。			twenties	male	
spk3	train0724.mp3	父は今ちょうど帰宅したところだ。			twenties	male	
spk3	train0725.mp3	部屋は明るくして彼は手紙を読むことができた。			twenties	male	
spk3	train0726.mp3	彼女は彼女の妹を美奈ちゃんと呼びます。			twenties	male	
spk3	train0727.mp3	彼女は老人に席を譲った。			twenties	male	
spk3	train0728.mp3	これは日本の古い映画です。			twenties	male	
spk3	train0729.mp3	手紙に書いてありました。			twenties	male	
spk3	train0730.mp3	東の空が曇っています。			twenties	male	
spk3	train0731.mp3	彼女は無邪気に装った。			twenties	male	
spk3	train0732.mp3	休みの日は友達と買い物に行きます。			twenties	male	
spk3	train0733.mp3	彼女は毎週日曜日テニスをする。			twenties	male	
spk3	train0734.mp3	この雑誌は厚くて、重いです。			twenties	male	
spk3	train0735.mp3	彼女は壁の花だ。			twenties	male	
spk5	train0736.mp3	不意をつかれて、私は一言も言えなかった。			twenties	male	
spk5	train0737.mp3	スプーンでコーヒーに砂糖を入れます。			twenties	male	
spk3	train0738.mp3	馬鹿が移るまえにそのような宗教に関わらんほうがいい。			twenties	male	
spk3	train0739.mp3	頭が痛いので、今晩は早く寝ます。			twenties	male	
spk3	train0740.mp3	不妊症です。			twenties	male	
spk3	train0741.mp3	副大統領は大統領のかわりに、その会合で話をした。			twenties	male	
spk3	train0742.mp3	七月からだんだん暑くなります。			twenties	male	
spk3	train0743.mp3	彼女は母親の後を追いかけてばかりいる。			twenties	male	
spk3	train0744.mp3	彼女は美人コンテストに参加した。			twenties	male	
spk3	train0745.mp3	彼女は無視することで彼に仕返しをした。			twenties	male	
spk3	train0746.mp3	風でたくさんの木が倒れた。			twenties	male	
spk3	train0747.mp3	いいからさっき盗ったモノを、カバンの中から出しなさい。			twenties	male	
spk3	train0748.mp3	彼女は僕の見せた写真を楽しんでいた。			twenties	male	
spk3	train0749.mp3	彼女は雷をこわがる。			twenties	male	
spk3	train0750.mp3	彼女は目もとに愛敬がある。			twenties	male	
spk3	train0751.mp3	父はビジネスマンです。			twenties	male	
spk3	train0752.mp3	父はおかしい事を言うのが好きだ。			twenties	male	
spk3	train0753.mp3	部屋の中に一人づつ入ってください。			twenties	male	
spk3	train0754.mp3	壁は内側が白くて外側は緑である。			twenties	male	
spk3	train0755.mp3	復讐において、恋愛において、女は男よりも野蛮である。			twenties	male	
spk3	train0756.mp3	わたしはぶた肉が食べられません。			twenties	male	
spk3	train0757.mp3	彼女は部屋を見回した。			twenties	male	
spk3	train0758.mp3	わたしは自動車の会社に勤めています。			twenties	male	
spk3	train0759.mp3	彼女は明らかに病気だ。			twenties	male	
spk3	train0760.mp3	駅の入口で切符を見せます。			twenties	male	
spk3	train0761.mp3	壁を塗っている人は私のお父さんだ。			twenties	male	
spk3	train0762.mp3	父は東京に行っていて留守です。			twenties	male	
spk3	train0763.mp3	部屋には誰かいますか。			twenties	male	
spk3	train0764.mp3	この紙に問題の答えを書きます。			twenties	male	
spk3	train0765.mp3	平和ほど大切なものはない。			twenties	male	
spk3	train0766.mp3	このサービスは一時的にご利用いただけません。			twenties	male	
spk3	train0767.mp3	松井さんに借りた雑誌をなくしてしまいました。			twenties	male	
spk3	train0768.mp3	夫婦が愛し合うのは全く自然である。			twenties	male	
spk3	train0769.mp3	スマートフォンからフィーチャーフォンまでマルチデバイスに対応			twenties	male	
spk3	train0770.mp3	父は寛大だったので、私の気まぐれもすべて満たしてくれた。			twenties	male	
spk3	train0771.mp3	風船が空に上がっていった。			twenties	male	
spk3	train0772.mp3	私は先月結婚式を挙げました。			twenties	male	
spk3	train0773.mp3	切符を買うのは、自動販売機からである。			twenties	male	
spk3	train0774.mp3	平和と安全を切望しない人はいない。			twenties	male	
spk5	train0775.mp3	父は私が車を運転するのを許してくれた。			twenties	male	
spk5	train0776.mp3	病気を治すのは医者の仕事である。			twenties	male	
spk3	train0777.mp3	早くも、意志薄弱ぶりを発揮した。			twenties	male	
spk3	train0778.mp3	物事はありのままに見るようにしなさい。			twenties	male	
spk3	train0779.mp3	日本の夏は暑いです。			twenties	male	
spk3	train0780.mp3	無事、脱出はできても、いつ島に戻れるのか、という不安は続く。			twenties	male	
spk3	train0781.mp3	それからプッツリやめたのが、失敗の始まりである。			twenties	male	
spk3	train0782.mp3	文法の基本原則はそれほど難しくはない。			twenties	male	
spk3	train0783.mp3	彼女は美しいというよりはかわいい。			twenties	male	
spk3	train0784.mp3	夫が亡くなると彼女には赤ん坊が何より大切になった。			twenties	male	
spk3	train0785.mp3	彼は敵を料理した。			twenties	male	
spk3	train0786.mp3	必要でない物を買ってむだ使いしてはいけない。			twenties	male	
spk3	train0787.mp3	壁にボブの絵がかかっている。			twenties	male	
spk3	train0788.mp3	テレビのスイッチを入れます。			twenties	male	
spk3	train0789.mp3	いつも朝八時の電車に乗ります。			twenties	male	
spk3	train0790.mp3	十分間の休憩を与えられ、乱れた髪を結い直し、肩の汗をぬぐって、支度部屋で呼吸を整える。			twenties	male	
spk3	train0791.mp3	危ないので、そちらへ行かないでください。			twenties	male	
spk3	train0792.mp3	きのう駅前に新しいレストランができました。			twenties	male	
spk3	train0793.mp3	スポーツは野球がいちばん好きです。			twenties	male	
spk3	train0794.mp3	日本人はおはしを使って、ごはんを食べます。			twenties	male	
spk3	train0795.mp3	彼女は微笑んで、別れを告げた。			twenties	male	
spk3	train0796.mp3	けさごはんを食べないで、家を出ました。			twenties	male	
spk3	train0797.mp3	風邪で頭が痛い。			twenties	male	
spk3	train0798.mp3	部屋は人でいっぱいだった。			twenties	male	
spk3	train0799.mp3	彼は娘を説得して、パーティーに同行させた。			twenties	male	
spk3	train0800.mp3	貧乏は彼女の性に合わない。			twenties	male	
spk3	train0801.mp3	わたしの両親は海のそばに住んでいます。			twenties	male	
spk3	train0802.mp3	彼女も来るのですか。来るといいのですが。			twenties	male	
spk3	train0803.mp3	公園に太い木があります。			twenties	male	
spk3	train0804.mp3	部屋を片付けなさい。			twenties	male	
spk3	train0805.mp3	幅の広い川はゆっくりと流れる。			twenties	male	
spk3	train0806.mp3	部屋に鍵をわすれてしまって入れません。			twenties	male	
spk3	train0807.mp3	風でほこりが舞っていた。			twenties	male	
spk3	train0808.mp3	彼女は病院で意識を取り戻した。			twenties	male	
spk3	train0809.mp3	普通電車は急行ほど快適ではない。			twenties	male	
spk3	train0810.mp3	ガラス扉を押して入ると、一瞬、首や肘から、汗の膜が剥ぎとられる。			twenties	male	
spk3	train0811.mp3	父は彼女が一人で映画に行くのを許さなかった。			twenties	male	
spk3	train0812.mp3	きょうは勉強しなければなりませんが、あしたは大丈夫です。			twenties	male	
spk3	train0813.mp3	彼女は黙って部屋から出て、ドアを閉めた。			twenties	male	
spk3	train0814.mp3	護送車は、歌声を残して、骨まで凍りそうに冷たい氷雨が降っていた闇に消えた。			twenties	male	
spk3	train0815.mp3	彼女は本当のことを言ったほうが身のためだと悟った。			twenties	male	
spk3	train0816.mp3	庭に花が咲きます。			twenties	male	
spk3	train0817.mp3	物音が聞こえたようだ。			twenties	male	
spk3	train0818.mp3	彼女を保護する義務がある。			twenties	male	
spk3	train0819.mp3	彼女は夫をころした容疑で裁判にかけられた。			twenties	male	
spk3	train0820.mp3	写真を二枚撮りました。			twenties	male	
spk3	train0821.mp3	兵士は町へ向かって前進した。			twenties	male	
spk3	train0822.mp3	彼女を支えているのは自尊心です。			twenties	male	
spk3	train0823.mp3	彼女は彼をとても愛しています。			twenties	male	
spk3	train0824.mp3	彼女は秘書として申し分がない。			twenties	male	
spk3	train0825.mp3	彼女は編物を横において立ち上がった。			twenties	male	
spk3	train0826.mp3	風がやみました。			twenties	male	
spk3	train0827.mp3	貧しいことを理由に人を軽蔑してはいけない。			twenties	male	
spk3	train0828.mp3	風が強くなった。			twenties	male	
spk3	train0829.mp3	ママー、今あのおにいちゃんすごいころんだよー。			twenties	male	
spk3	train0830.mp3	救急車で病院に運ばれる途中に、息を引き取ったのだという。			twenties	male	
spk3	train0831.mp3	山の裾に休息している、憐れな漁村の屋根を見た。			twenties	male	
spk3	train0832.mp3	彼女は腹立ちまぎれに婚約を破棄した。			twenties	male	
spk3	train0833.mp3	部屋の中は暗かった。			twenties	male	
spk3	train0834.mp3	きのうの昼、木村さんと喫茶店へ行きました。			twenties	male	
spk3	train0835.mp3	黄色いシャツを着ている人は林さんです。			twenties	male	
spk3	train0836.mp3	父はバスの中で財布をすりにやられた。			twenties	male	
spk3	train0837.mp3	父は器用で何でも修理してしまう。			twenties	male	
spk3	train0838.mp3	不可能以外のなにものでもない。			twenties	male	
spk3	train0839.mp3	さ来年国へ帰ります。			twenties	male	
spk3	train0840.mp3	彼女は滅多に歌わないが、今夜は歌うと思う。			twenties	male	
spk3	train0841.mp3	老若男女が、火を囲んで飲み、手をつないで歌う。			twenties	male	
spk3	train0842.mp3	平和に満足している人は、幸せである。			twenties	male	
spk3	train0843.mp3	兵士達はその命令に従うことを拒否した。			twenties	male	
spk3	train0844.mp3	普通はお客を招いた人が食卓で焼き肉を切り分けます。			twenties	male	
spk3	train0845.mp3	部屋を変えられますか。			twenties	male	
spk3	train0846.mp3	彼女は話題を変えるのがうまい。			twenties	male	
spk3	train0847.mp3	考えたんだけど、やっぱりこういうのはよくないから、今日を限りに別れよう。			twenties	male	
spk3	train0848.mp3	病人が適切な看護を受けられるようにしなさい。			twenties	male	
spk3	train0849.mp3	誤字・誤訳のご指摘等は下記メールアドレスよりお寄せください。			twenties	male	
spk3	train0850.mp3	横目でちらっと見れば、主人の立ち上がる気配がする。			twenties	male	
spk3	train0851.mp3	安価な簡易住宅を提供します。			twenties	male	
spk3	train0852.mp3	あの山にはたくさん動物がいます。			twenties	male	
spk3	train0853.mp3	幅はどれくらいですか。			twenties	male	
spk3	train0854.mp3	部屋を出るときは必ず明かりを消してね。			twenties	male	
spk3	train0855.mp3	色白で、透けるような肌で、やや薄い色の瞳であった。			twenties	male	
spk3	train0856.mp3	私は料理をしますが、とんでもなく下手くそです。			twenties	male	
spk3	train0857.mp3	あの大学へ行くなら、自転車が便利です。			twenties	male	
spk3	train0858.mp3	富士山は日本の他のどんな山より高い。			twenties	male	
spk3	train0859.mp3	わたしは春より秋のほうが好きです。			twenties	male	
spk3	train0860.mp3	壁はツタで覆われている。			twenties	male	
spk3	train0861.mp3	必ず期待にこたえてみせます。			twenties	male	
spk3	train0862.mp3	パンだけ食べました。			twenties	male	
spk3	train0863.mp3	たくさん練習すれば、日本語が上手になります。			twenties	male	
spk3	train0864.mp3	彼女を見送りに駅へ行ってきたところです。			twenties	male	
spk3	train0865.mp3	彼女は母親が靴を買う時に付いて行った。			twenties	male	
spk3	train0866.mp3	彼女は憂鬱だった。			twenties	male	
spk3	train0867.mp3	販売関係の企業の代表者は、セミナー終了後、会議室に集まれ。			twenties	male	
spk3	train0868.mp3	駅から十五番のバスに乗ります。			twenties	male	
spk3	train0869.mp3	大ピラミッド近くに、二つの部屋が、埋まっていたのである。			twenties	male	
spk3	train0870.mp3	今、小林さんは図書館で本を読んでいます。			twenties	male	
spk3	train0871.mp3	ドアを開けて、部屋に入ります。			twenties	male	
spk3	train0872.mp3	主人の仕事は、建築業で、作業服を着て、出勤します。			twenties	male	
spk3	train0873.mp3	彼女は来月結婚するといううわさだよ。			twenties	male	
spk3	train0874.mp3	朝ごはんはいつもパンを食べます。			twenties	male	
spk3	train0875.mp3	ポイントガードからスモールフォワードまでこなせる総合力が高いユーティリティープレーヤーである			twenties	male	
spk3	train0876.mp3	辞書はあそこの本棚にあります。			twenties	male	
spk3	train0877.mp3	あしたテニスの試合があります。			twenties	male	
spk3	train0878.mp3	父は昨日入院しました。			twenties	male	
spk3	train0879.mp3	見上げるフジもいいが、路地植え、また、鉢植えの花もきれいです。			twenties	male	
spk3	train0880.mp3	この建物は古くて、有名です。			twenties	male	
spk3	train0881.mp3	彼等は自宅を明るい黄色に塗った。			twenties	male	
spk3	train0882.mp3	ナイフでケーキを四つに切ります。			twenties	male	
spk3	train0883.mp3	部屋はきちんと整っている。			twenties	male	
spk3	train0884.mp3	彼女は料理をしていて手にやけどをした。			twenties	male	
spk3	train0885.mp3	このレストランの店員は忙しそうです。			twenties	male	
spk3	train0886.mp3	彼女は必ずしも幸福ではない。			twenties	male	
spk3	train0887.mp3	部屋には誰かいましたか。			twenties	male	
spk3	train0888.mp3	去年から勉強しています。			twenties	male	
spk3	train0889.mp3	彼等はくる日もくる日も働いた。			twenties	male	
spk3	train0890.mp3	彼女は娘の身支度を手伝った。			twenties	male	
spk3	train0891.mp3	彼女は毎朝歯を磨くと言った。			twenties	male	
spk3	train0892.mp3	いすの下に猫がいます。			twenties	male	
spk3	train0893.mp3	この教室は明るくて、きれいです。			twenties	male	
spk3	train0894.mp3	彼女は風邪をひいただけで欠席した。			twenties	male	
spk3	train0895.mp3	父はタバコをやめた。			twenties	male	
spk3	train0896.mp3	彼女は落ち着いた態度に終始した。			twenties	male	
spk3	train0897.mp3	包丁の手を止めて、流れる涙をエプロンでぬぐったのは、タマネギのせいだけではない。			twenties	male	
spk3	train0898.mp3	松井さんは白い服を着ています。			twenties	male	
spk3	train0899.mp3	必ず又の機会が来る。			twenties	male	
spk3	train0900.mp3	彼女は病気から回復した。			twenties	male	
spk3	train0901.mp3	壁に帽子とコートがかかっていた。			twenties	male	
spk3	train0902.mp3	兵士たちはその歌に士気を鼓舞された。			twenties	male	
spk3	train0903.mp3	婦人用手洗いはどこですか。			twenties	male	
spk5	train0904.mp3	来週から二週間、海外へ旅行に行きます。			twenties	male	
spk5	train0905.mp3	疲れたので、座って休みます。			twenties	male	
spk5	train0906.mp3	わたしは、安心とあせりがごちゃまぜの、複雑な心境だ。			twenties	male	
spk5	train0907.mp3	こちらも、きゃっとわめいて、とび上った。			twenties	male	
spk3	train0908.mp3	不足を借金で補充した。			twenties	male	
spk3	train0909.mp3	フィリピンで、日本人の血を引き継ぐものは、学校でも、職場でも、不利になることが多かった。			twenties	male	
spk3	train0910.mp3	救急車が十分に動けず、救助作業が遅れている。			twenties	male	
spk3	train0911.mp3	この電車は東京へ行きます。			twenties	male	
spk3	train0912.mp3	貧困はしばしば犯罪の原因となる。			twenties	male	
spk3	train0913.mp3	いつもひとりで勉強しています。			twenties	male	
spk3	train0914.mp3	彼女は母親にはとても及ばない。			twenties	male	
spk3	train0915.mp3	雨だったら、休みの日は出かけません。			twenties	male	
spk3	train0916.mp3	部屋は真っ暗だった。			twenties	male	
spk3	train0917.mp3	恵子は私ほど背が高くない。			twenties	male	
spk3	train0918.mp3	平常通り営業いたします。			twenties	male	
spk3	train0919.mp3	部屋をきれいにしましょうか。			twenties	male	
spk3	train0920.mp3	すきな食べ物は何ですか。			twenties	male	
spk3	train0921.mp3	風が出てきました。			twenties	male	
spk3	train0922.mp3	彼女は毎日日記をつける習慣がある。			twenties	male	
spk3	train0923.mp3	彼女は美貌という利点を持っている。			twenties	male	
spk3	train0924.mp3	婦人はその男を寛大に扱った。			twenties	male	
spk3	train0925.mp3	わたしは毎日テニスの練習をします。			twenties	male	
spk3	train0926.mp3	父は昨日魚を三匹捕まえた。			twenties	male	
spk3	train0927.mp3	風邪のため彼は家に閉じ込もっていた。			twenties	male	
spk3	train0928.mp3	映画を見ました。			twenties	male	
spk3	train0929.mp3	彼女をデートに誘いたいんだが、とてもその勇気がない。			twenties	male	
spk3	train0930.mp3	彼女はそのプレゼントのことで私に礼を言った。			twenties	male	
spk3	train0931.mp3	彼女は無邪気なふりをした。			twenties	male	
spk3	train0932.mp3	兵士たちは敵の陣地へ向かって進んでいた。			twenties	male	
spk3	train0933.mp3	彼を待ち伏せる一計を案じた。			twenties	male	
spk3	train0934.mp3	彼女は宝石を得意げに見せびらかした。			twenties	male	
spk3	train0935.mp3	壁にペンキが塗られた。			twenties	male	
spk3	train0936.mp3	むしろ、規則正しさで、安らぎを、感じさせてくれた。			twenties	male	
spk3	train0937.mp3	宿題を忘れないでください。			twenties	male	
spk3	train0938.mp3	来年の春、姉が結婚します。			twenties	male	
spk3	train0939.mp3	悲鳴が聞こえなかったか。			twenties	male	
spk3	train0940.mp3	娘は、妙な関心のつぶやきを残し、部屋へ入っていった。			twenties	male	
spk3	train0941.mp3	物事をあわててすると、間違いをします。			twenties	male	
spk3	train0942.mp3	歌が下手ですから、練習しようと思っています。			twenties	male	
spk3	train0943.mp3	窓が閉めてあります。			twenties	male	
spk3	train0944.mp3	文明は今や核戦争に脅かされている。			twenties	male	
spk3	train0945.mp3	服装に関する特別な規則はない。			twenties	male	
spk3	train0946.mp3	あそこの教室にはテレビがあります。			twenties	male	
spk3	train0947.mp3	この料理は何もつけないで食べます。			twenties	male	
spk3	train0948.mp3	彼女をキャシーと呼んだ。			twenties	male	
spk3	train0949.mp3	彼女は非常に神経質でいつもおちつかない。			twenties	male	
spk3	train0950.mp3	父はピアノを弾きます。母も弾きます。			twenties	male	
spk3	train0951.mp3	彼女は僕と出会うたび微笑みかける。			twenties	male	
spk3	train0952.mp3	前者を、普遍文化と呼び、後者を、個別文化と呼ぶことにする。			twenties	male	
spk3	train0953.mp3	彼女は洋服にたくさんお金を使う。			twenties	male	
spk3	train0954.mp3	物価は現状のまま続くだろう。			twenties	male	
spk3	train0955.mp3	雪の日は出かけません。			twenties	male	
spk3	train0956.mp3	彼女は疲れていたのでリンゴの木によりかかった。			twenties	male	
spk3	train0957.mp3	彼等はその子を自分たちの子としてかわいがってきた。			twenties	male	
spk3	train0958.mp3	松井さんはまだ宿題をしていません。			twenties	male	
spk3	train0959.mp3	ケーキを食べたのは山田さんです。			twenties	male	
spk3	train0960.mp3	浜辺でおしゃべりしながら散歩するのが好き。			twenties	male	
spk3	train0961.mp3	月も出ていない闇夜だった。			twenties	male	
spk3	train0962.mp3	病気であるように見えた。			twenties	male	
spk3	train0963.mp3	父は自分の髪の刈り方について非常にやかましい。			twenties	male	
spk3	train0964.mp3	物事をじっくり考える慎重派です。			twenties	male	
spk3	train0965.mp3	彼女は塀の上を逆立ちして歩いた。			twenties	male	
spk3	train0966.mp3	父は部屋にいます。			twenties	male	
spk3	train0967.mp3	父はたいてい日曜日はゴルフをしている。			twenties	male	
spk3	train0968.mp3	父の死後、彼は家族にとって唯一の頼りであった。			twenties	male	
spk3	train0969.mp3	物には限界というものがある。			twenties	male	
spk3	train0970.mp3	風邪をひかないようにコートを着なさい。			twenties	male	
spk3	train0971.mp3	彼女は母親に劣らず美しい。			twenties	male	
spk3	train0972.mp3	大きい台風が来て、電車が止まりました。			twenties	male	
spk3	train0973.mp3	テーブルにいろいろな料理が並べてあります。			twenties	male	
spk3	train0974.mp3	風がとてもひどく吹いている。			twenties	male	
spk3	train0975.mp3	午前八時、健康な捕虜は、作業所へ、トラックで出発する。			twenties	male	
spk3	train0976.mp3	部屋を出るときは電灯をつけっぱなしにしないようにね。			twenties	male	
spk3	train0977.mp3	仏教はインドに起源を発した。			twenties	male	
spk3	train0978.mp3	彼女を知れば知るほどますます好きになるだろう。			twenties	male	
spk3	train0979.mp3	九時に家を出ます。			twenties	male	
spk3	train0980.mp3	夫妻は家を売りに出した。			twenties	male	
spk3	train0981.mp3	私は質問に答えたでしょうか。			twenties	male	
spk3	train0982.mp3	友達が来るので、部屋を掃除します。			twenties	male	
spk5	train0983.mp3	彼女は立ちあがろうと、もがいた。			twenties	male	
spk5	train0984.mp3	彼女は貧しいけれど、満足している。			twenties	male	
spk3	train0985.mp3	ストレスが胃の粘膜を荒らす原因のひとつは次のように考えられています。			twenties	male	
spk3	train0986.mp3	貧しい人々をばかにしてはいけない。			twenties	male	
spk3	train0987.mp3	彼女は美容院を経営している。			twenties	male	
spk3	train0988.mp3	必ず時間どおりに来なさい。			twenties	male	
spk3	train0989.mp3	水が飲みたいです。			twenties	male	
spk3	train0990.mp3	文句を言うな。お前は行かなければならない。			twenties	male	
spk3	train0991.mp3	田中さんが走っているのを見ました。			twenties	male	
spk3	train0992.mp3	彼女は怖い顔をして彼を黙らせた。			twenties	male	
spk3	train0993.mp3	壁に映った彼の影は悲しそうだった。			twenties	male	
spk3	train0994.mp3	服を着替えて降りてらっしゃい。			twenties	male	
spk3	train0995.mp3	部屋のすみに机があります。			twenties	male	
spk3	train0996.mp3	彼女は緑色のドレスを着ている。			twenties	male	
spk3	train0997.mp3	父は今忙しい。			twenties	male	
spk3	train0998.mp3	腹を割って話し合おう。			twenties	male	
spk3	train0999.mp3	父は私にピアノを習うように勧めた。			twenties	male	
spk3	train1000.mp3	部隊は陣地を守り続けた。			twenties	male	
spk5	train1001.mp3	彼女は欲しいものをうまく手にいれることができた。			twenties	male	
spk5	train1002.mp3	靴ひもがとけた。			twenties	male	
spk5	train1003.mp3	人は、手や指先の繊細な動きや、目の表情がすばらしいという。			twenties	male	
spk5	train1004.mp3	すみません、この服を着てみてもいいですか。			twenties	male	
spk5	train1005.mp3	今十二時すぎです。			twenties	male	
spk5	train1006.mp3	富士山の雪化粧がすばらしくきれいだね。			twenties	male	
spk5	train1007.mp3	お金を入れて、ボタンを押します。			twenties	male	
spk5	train1008.mp3	父は私が生まれる前に死にました。			twenties	male	
spk3	train1009.mp3	部屋の中でそんなにさわぐな。			twenties	male	
spk3	train1010.mp3	家の前に知らない人が二人います。			twenties	male	
spk3	train1011.mp3	彼女を知っている誰が、彼女を愛さないだろうか。			twenties	male	
spk3	train1012.mp3	幼なじみが春から大阪の大学に行くらしい。			twenties	male	
spk3	train1013.mp3	彼女へのプレゼントを家に置いてきた。			twenties	male	
spk3	train1014.mp3	夫を亡くして以来、彼女は身を持ちくずした。			twenties	male	
spk3	train1015.mp3	聞こえるようにもっと大きな声で話して下さい。			twenties	male	
spk3	train1016.mp3	手帳に走り書きした家族への遺書は、読む者の心を、深く揺り動かす。			twenties	male	
spk3	train1017.mp3	戦争末期、ソ連軍と戦って、捕虜になった体験を持つ人だ。			twenties	male	
spk3	train1018.mp3	福田さんの家へちょっとよって行こう。			twenties	male	
spk3	train1019.mp3	父はぼくがコンサートに行くのを許してくれた。			twenties	male	
spk3	train1020.mp3	最初、速いテンポで巻きこんでおいて、中盤じっくり見せる。			twenties	male	
spk3	train1021.mp3	父はジュンコがそんなに遅く帰宅したので叱った。			twenties	male	
spk3	train1022.mp3	わたしが晩ごはんを食べているとき、友だちがうちへ来ました。			twenties	male	
spk3	train1023.mp3	このコートは一万円です。			twenties	male	
spk3	train1024.mp3	こちらは小林さんです。			twenties	male	
spk3	train1025.mp3	それを皮切りとして欧州の詩や文学を多数紹介するようになりました。			twenties	male	
spk3	train1026.mp3	イさんにこのことばの意味を教えました。			twenties	male	
spk3	train1027.mp3	彼女は訪問客が到着する前に化粧をした。			twenties	male	
spk3	train1028.mp3	父は夕食がすんでから伸びをした。			twenties	male	
spk3	train1029.mp3	彼女は悲しい歌を歌うのは嫌いだ。			twenties	male	
spk3	train1030.mp3	父は会社へ七時の地下鉄で通っている。			twenties	male	
spk3	train1031.mp3	愛してる。			twenties	male	
spk3	train1032.mp3	払い戻してください。			twenties	male	
spk3	train1033.mp3	山田さんは目が悪いので、眼鏡をかけています。			twenties	male	
spk3	train1034.mp3	こうした川の恵みを存分に受けながら、人類は、繁栄への道を、歩み始めたのだといっていい。			twenties	male	
spk3	train1035.mp3	父は古代史に関心を持っている。			twenties	male	
spk3	train1036.mp3	彼女は美しいが、さらによいことには非常に上品だ。			twenties	male	
spk3	train1037.mp3	銀行は午前九時から午後三時までです。			twenties	male	
spk3	train1038.mp3	風邪がひどいのです。			twenties	male	
spk3	train1039.mp3	彼等は新しい家へ引っ越した。			twenties	male	
spk3	train1040.mp3	必ず辞書を自分の横に置いて起きなさい。			twenties	male	
spk3	train1041.mp3	貧しい学歴が彼の出世の妨げとはならなかった。			twenties	male	
spk3	train1042.mp3	壁に絵が掛かっている。			twenties	male	
spk3	train1043.mp3	彼は古代史の分野で突っ込んだ研究をしている。			twenties	male	
spk3	train1044.mp3	彼女は秘書になる決心をした。			twenties	male	
spk3	train1045.mp3	机に本を置きます。			twenties	male	
spk3	train1046.mp3	仏の顔も三度。			twenties	male	
spk3	train1047.mp3	貧しい人々を軽蔑するな。			twenties	male	
spk3	train1048.mp3	コミューンはセーヌ川とエソンヌ川の合流地点となっている			twenties	male	
spk3	train1049.mp3	パンを半分食べました。			twenties	male	
spk3	train1050.mp3	彼女は娘のために新しい服を作ってやった。			twenties	male	
spk3	train1051.mp3	部屋は煙でいっぱいだった。			twenties	male	
spk3	train1052.mp3	先週、母の誕生日でした。			twenties	male	
spk3	train1053.mp3	彼女は病気の母親の世話をしている。			twenties	male	
spk5	train1054.mp3	病気のためにジムは会合に出席できなかった。			twenties	male	
spk4	train1055.mp3	彼女は勉強部屋から出ていった。			twenties	male	
spk4	train1056.mp3	封筒に切手を貼りなさい。			twenties	male	
spk4	train1057.mp3	わたしは妹の宿題を見てあげました。			twenties	male	
spk4	train1058.mp3	彼女は良家の子女のように見えた。			twenties	male	
spk4	train1059.mp3	わたしにはタイ人の友達がいます。			twenties	male	
spk4	train1060.mp3	七時に家を出ます。			twenties	male	
spk4	train1061.mp3	父はレストランを経営している。			twenties	male	
spk4	train1062.mp3	彼女を一人にした方がいい。			twenties	male	
spk4	train1063.mp3	不言実行が俺のやり方。			twenties	male	
spk4	train1064.mp3	あの辺に林さんの家があります。			twenties	male	
spk4	train1065.mp3	友達に旅行のお土産をもらいました。			twenties	male	
spk4	train1066.mp3	この文は短いので、読みやすいです。			twenties	male	
spk4	train1067.mp3	彼女は利己的な人だ。			twenties	male	
spk4	train1068.mp3	壁はぬりかえなければなりませんか。			twenties	male	
spk4	train1069.mp3	新しいうちは駅から近いので、とても便利です。			twenties	male	
spk5	train1070.mp3	彼女は涙を頬に伝わせながら情けを請うた。			twenties	male	
spk5	train1071.mp3	膝の上にナプキンを広げなさい。			twenties	male	
spk4	train1072.mp3	きのうイさんは松井さんに漢字を習いました。			twenties	male	
spk4	train1073.mp3	会社へ行くとき、黒のスーツを着ます。			twenties	male	
spk4	train1074.mp3	彼女は本当に私たちみんなが賞賛するような教師です。			twenties	male	
spk4	train1075.mp3	彼女は薔薇を手に持っている。			twenties	male	
spk5	train1076.mp3	文句をいうなよ身から出た錆だぞ。			twenties	male	
spk4	train1077.mp3	彼女は美人だったと言われている。			twenties	male	
spk4	train1078.mp3	瓶は粉々に割れた。			twenties	male	
spk4	train1079.mp3	父が上京した時には今の私と同じ年齢だったそうです。			twenties	male	
spk4	train1080.mp3	氷は日にあたると溶ける。			twenties	male	
spk4	train1081.mp3	毎年母に誕生日のプレゼントをあげます。			twenties	male	
spk4	train1082.mp3	せっけんで手を洗いました。			twenties	male	
spk4	train1083.mp3	彼等は私にたくさんの美しい写真を見せてくれました。			twenties	male	
spk4	train1084.mp3	八月一日から九月三十日まで夏休みです。			twenties	male	
spk4	train1085.mp3	山田さんの誕生日にパーティーをします。			twenties	male	
spk4	train1086.mp3	彼等は五時に出発したから、六時には帰宅するはずです。			twenties	male	
spk4	train1087.mp3	彼女は母親と同様、注意深くはない。			twenties	male	
spk4	train1088.mp3	あした大使館へ行かなければなりません。			twenties	male	
spk4	train1089.mp3	かん詰めは、やや細めの二本のまきを使って引きあげた。			twenties	male	
spk4	train1090.mp3	彼女は彼を恩人だと思っている。			twenties	male	
spk4	train1091.mp3	不倶戴天の敵と言われるほど、どうしてそんなに嫌われたかなあ。			twenties	male	
spk4	train1092.mp3	田中さんは緑のネクタイをしています。			twenties	male	
spk4	train1093.mp3	府県はフランスや日本の行政区域である。			twenties	male	
spk4	train1094.mp3	彼女を公平に評価すれば、彼女は不器量ではない。			twenties	male	
spk4	train1095.mp3	学校までバスより電車のほうが速いと思います。			twenties	male	
spk4	train1096.mp3	病人が適切な看護を受けられるような手配をしなさい。			twenties	male	
spk4	train1097.mp3	父は普通ビールを飲むが、今夜はワインを飲んだ。			twenties	male	
spk4	train1098.mp3	結婚も離婚も、他人からは、有無を言わさず、自分から決定した。			twenties	male	
spk4	train1099.mp3	侮辱されたと感じて彼は怒った。			twenties	male	
spk4	train1100.mp3	彼女は弁当を持ってくる必要はなかったのに。			twenties	male	
spk4	train1101.mp3	父はフランス語の文書を日本語に翻訳した。			twenties	male	
spk4	train1102.mp3	教室に机といすがあります。			twenties	male	
spk4	train1103.mp3	彼女は無邪気なのか羞恥心がないのか。			twenties	male	
spk4	train1104.mp3	百歳の誕生日の数日前になくなった。			twenties	male	
spk4	train1105.mp3	複雑炭水化物って何か知ってますか。			twenties	male	
spk4	train1106.mp3	彼女は涙をぬぐった。			twenties	male	
spk4	train1107.mp3	若いとき、よく泳ぎました。			twenties	male	
spk4	train1108.mp3	風がやや衰えた。			twenties	male	
spk4	train1109.mp3	病気のため、彼は外出できなかった。			twenties	male	
spk4	train1110.mp3	兵士達は警戒しながら国境に向かって進んだ。			twenties	male	
spk4	train1111.mp3	父は自分の仕事が好きです。			twenties	male	
spk4	train1112.mp3	浮浪者は教会での感謝祭の夕食をがつがつ食べた。			twenties	male	
spk4	train1113.mp3	先週は忙しかったので、勉強ができませんでした。			twenties	male	
spk4	train1114.mp3	物価は上がり続けるだろう。			twenties	male	
spk4	train1115.mp3	彼女は野菜と玄米を常食としている。			twenties	male	
spk4	train1116.mp3	わたしは弟にお金を貸してあげました。			twenties	male	
spk4	train1117.mp3	彼女は帽子をかぶった。			twenties	male	
spk4	train1118.mp3	熱が出るとひきつけを起こすことがあります。			twenties	male	
spk4	train1119.mp3	彼女は卵を固くゆでた。			twenties	male	
